INDUSTRY,NSW,VIC,QLD,SA,WA,TAS,NT,ACT,TOTAL,
"Agriculture, Forestry and Fishing","51,364","45,144","40,859","22,540","20,029","9,635","1,563",419,"191,574",
Mining,"30,543","7,744","45,440","8,981","77,276","2,353","2,164",122,"174,695",
Manufacturing,"139,365","152,967","101,359","43,323","50,029","11,919","1,784","2,970","503,739",
"Electricity, Gas, Water and Waste Services","27,363","25,454","21,840","8,361","10,972","3,263","1,171","1,327","99,798",
Construction,"267,081","256,671","188,544","60,238","96,838","19,455","7,093","14,570","910,676",
Wholesale Trade,"65,218","57,949","38,709","13,922","22,183","4,272","1,127","1,450","204,844",
Retail Trade,"147,985","131,303","96,752","36,282","46,975","10,394","3,507","7,763","481,042",
Accommodation and Food Services,"107,624","91,501","77,144","24,719","37,240","8,348","3,793","8,373","358,848",
"Transport, Postal and Warehousing","128,657","113,090","87,236","27,731","44,976","8,113","3,307","4,262","417,438",
Information Media and Telecommunications,"40,461","30,323","14,069","5,357","6,170","1,466",471,"2,254","100,578",
Financial and Insurance Services,"98,572","66,738","28,057","9,998","12,518","1,948",326,"1,679","219,849",
"Rental, Hiring and Real Estate Services","31,297","23,100","20,355","4,960","8,598","1,249",506,"1,442","91,528",
"Professional, Scientific and Technical Services","176,834","147,110","86,823","28,573","50,739","6,901","2,595","15,726","515,326",
Administrative and Support Services,"57,555","49,738","38,359","14,640","18,835","3,367","1,501","3,192","187,252",
Public Administration and Safety,"120,470","89,856","82,215","30,063","40,675","8,692","10,370","36,522","419,100",
Education and Training,"88,531","78,706","56,282","20,997","28,479","7,006","2,670","7,709","290,405",
Health Care and Social Assistance,"121,798","97,248","83,716","30,554","35,758","9,514","4,412","7,494","390,529",
Arts and Recreation Services,"26,582","27,871","18,637","5,796","10,079","2,359","1,215","2,091","94,655",
Other Services,"68,001","57,558","48,911","17,338","25,389","4,958","2,289","3,367","227,859",
Inadequately described,"72,409","62,862","48,725","11,818","29,422","2,700","1,693","1,631","231,303",
Not stated,"28,121","25,693","17,638","5,393","8,347","1,703",955,"1,296","89,169",
,,,,,,,,,,
,,,,,,,,,,
,,,,,,,,,,
,,,,,,,,,,
,,,,,,,,,,
,,,,,,,,,,
,,,,,,,,,,
,,,,,,,,,,
,,,,,,,,,,
,,,,,,,,,,
,,,,,,,,,,
,,,,,,,,,,
,,,,,,,,,,
,,,,,,,,,,
,,,,,,,,,,
,,,,,,,,,,
,,,,,,,,,,
,,,,,,,,,,
,,,,,,,,,,
,,,,,,,,,,
,,,,,,,,,,
,,,,,,,,,,
,,,,,,,,,,
,,,,,,,,,,
,,,,,,,,,,
,,,,,,,,,,
,,,,,,,,,,
,,,,,,,,,,
,,,,,,,,,,
,,,,,,,,,,
,,,,,,,,,,
,,,,,,,,,,
,,,,,,,,,,
,,,,,,,,,,
,,,,,,,,,,
,,,,,,,,,,
,,,,,,,,,,
,,,,,,,,,,
,,,,,,,,,,
,,,,,,,,,,
,,,,,,,,,,
,,,,,,,,,,
,,,,,,,,,,
,,,,,,,,,,
,,,,,,,,,,
,,,,,,,,,,
,,,,,,,,,,
,,,,,,,,,,
,,,,,,,,,,
,,,,,,,,,,
,,,,,,,,,,
,,,,,,,,,,
,,,,,,,,,,
,,,,,,,,,,
,,,,,,,,,,
,,,,,,,,,,
,,,,,,,,,,
,,,,,,,,,,
,,,,,,,,,,
,,,,,,,,,,
,,,,,,,,,,
,,,,,,,,,,
,,,,,,,,,,
,,,,,,,,,,
,,,,,,,,,,
,,,,,,,,,,
,,,,,,,,,,
,,,,,,,,,,
,,,,,,,,,,
,,,,,,,,,,
,,,,,,,,,,
,,,,,,,,,,
,,,,,,,,,,
,,,,,,,,,,